{
    "code": "ankylosauria",
    "class": "EntityAgent",
    "variantgroups": [
        {"code": "type","states": ["ankylosaurus","tarchia","euoplocephalus","edmontonia","ziapelta","pinacosaurus","antarctopelta","struthiosaurus",]},
        {"code": "age","states": [ "adult","baby"]},
        {"code": "gender","states": ["male","female"]},
    ],
    "fallDamageMultiplierByType": { "*-baby-*" :2,"*-adult-*" :20},
    "hitBoxSizeByType": {
			"*-ankylosaurus-adult-male": {"x": 3,"y": 2},"*-ankylosaurus-adult-female": {"x": 3,"y": 2},"*-ankylosaurus-baby-*": {"x": 0.5,"y": 0.5},
			"*-tarchia-adult-male": {"x": 3,"y": 2},"*-tarchia-adult-female": {"x": 3,"y": 2},"*-tarchia-baby-*": {"x": 0.5,"y": 0.5},
			"*-euoplocephalus-adult-male": {"x": 2.5,"y": 2},"*-euoplocephalus-adult-female": {"x": 2.5,"y": 2},"*-euoplocephalus-baby-*": {"x": 0.5,"y": 0.5},
			"*-edmontonia-adult-male": {"x": 2.5,"y": 2},"*-edmontonia-adult-female": {"x": 2.5,"y": 2},"*-edmontonia-baby-*": {"x": 0.5,"y": 0.5},
			"*-ziapelta-adult-male": {"x": 2.5,"y": 1.5},"*-ziapelta-adult-female": {"x": 2.5,"y": 1.5},"*-ziapelta-baby-*": {"x": 0.5,"y": 0.3},
			"*-pinacosaurus-adult-male": {"x": 2.5,"y": 1.5},"*-pinacosaurus-adult-female": {"x": 2.5,"y": 1.5},"*-pinacosaurus-baby-*": {"x": 0.4,"y": 0.3},
			"*-antarctopelta-adult-male": {"x": 2,"y": 1},"*-antarctopelta-adult-female": {"x": 2,"y": 1},"*-antarctopelta-baby-*": {"x": 0.4,"y": 0.3},
			"*-struthiosaurus-adult-male": {"x": 1.25,"y": 1},"*-struthiosaurus-adult-female": {"x": 1.25,"y": 1},"*-struthiosaurus-baby-*": {"x": 0.3,"y": 0.2},
		},

    "deadhitBoxSizeByType": {"*-adult-*":{	"x": 3,"y": 3},"*-baby-*":{	"x": 1,"y": 1}},
    "eyeHeightByType": {"*":1},
    "weightByType": {"*-adult-*":4000,"*-baby-*":10},
    "knockbackResistanceByType": {"*-adult-*": 1,"*-baby-*": 0	},

    "drops": [],
    "attributes": {
		"tamedByType": {"*": false },
		"killedByInfoText": "deadcreature-killed",
		"handbook": {"groupcode": "creaturegroup-ankylosauria"},
		"minGenerationToAllowHealing": 0,
		"creatureDiet": {
			"foodCategories": ["Fruit", "Vegetable", "Grain"],
			"foodTags": ["fruitmash","nibblecrops", "sweetBerryBush","grass"]
			},
		},
	"behaviorConfigs": {
		"rideableaccessories": {
			"wearableSlots": [
				{"code": "head", "forCategoryCodes": ["ankylobridle"], "attachmentPointCode": "HeadAP" },
				{"code": "face", "forCategoryCodes": [], "attachmentPointCode": "FaceAP" },
				{"code": "neck", "forCategoryCodes": [], "attachmentPointCode": "NeckAP" },
				{"code": "middleback", "forCategoryCodes": ["ankylobsaddle"], "attachmentPointCode": "MidAP", },
				{"code": "Back Storage 1","forCategoryCodes": ["chest", "basket", "crate"],"attachmentPointcode": "BStore1AP","stepParentTo": {"": { "elementName": "BackStorage1" }}},
				{"code": "Side Storage L","forCategoryCodes": ["chest", "basket", "crate"],"attachmentPointcode": "SStoreLAP","stepParentTo": {"": { "elementName": "SideStorageL" }}},
				{"code": "Side Storage R","forCategoryCodes": ["chest", "basket", "crate"],"attachmentPointcode": "SStoreRAP","stepParentTo": {"": { "elementName": "SideStorageR" }}},
				{"code": "Side Storage L2","forCategoryCodes": ["chest", "basket", "crate"],"attachmentPointcode": "SStoreLAP2","stepParentTo": {"": { "elementName": "SideStorageL2" }}},
				{"code": "Side Storage R2","forCategoryCodes": ["chest", "basket", "crate"],"attachmentPointcode": "SStoreRAP2","stepParentTo": {"": { "elementName": "SideStorageR2" }}},
			]
		},
		"selectionboxes": {
			"selectionBoxes": ["HeadAP","FaceAP", "NeckAP", "MidAP","BStore1AP","SStoreLAP","SStoreRAP","SStoreLAP2","SStoreRAP2"]
		},
		"rideable": {
			"interactMountAnySeat": true,
			"seats": [
				{ "apName": "Rider", "selectionBox": "NeckAP", "bodyYawLimit": 0.2, "controllable": true,
					"mountOffsetByType": {
						"*": {"x":0,"y":0.0,"z":0},
					}
				},
			],
			"controls": {
				"idle": {
					"weight": 1,
					"riderAnim": {
						"animation": "rideelk-idle",
						"animationSpeed": 0.00000001,
						"weight": 1,
						"withFpVariant": true,
						"blendMode": "Average",
						"elementWeight": {
							"LowerTorso": 80,
							"UpperTorso": 80,
							"UpperFootR": 80,
							"UpperFootL": 80,
							"LowerFootR": 80,
							"LowerFootL": 80
						},
						"elementBlendMode": {
							"LowerTorso": "Average",
							"UpperTorso": "Average",
							"UpperFootR": "Average",
							"UpperFootL": "Average",
							"LowerFootR": "Average",
							"LowerFootL": "Average"
						}
					}
				},
				"swim": {
					"animation": "Swim",
					"movespeedByType": {
							"*-adult-*": 0.001,
						},
						"animationSpeedByType": {
							"*": 0.75
						},
					"weight": 10,
					"blendMode": "Average",
					"riderAnim": {
						"animation": "rideelk-walk",
						"animationSpeed": 1,
						"weight": 1,
						"withFpVariant": true,
						"blendMode": "Average",
						"elementWeight": {
							"LowerTorso": 80,
							"UpperTorso": 80,
							"UpperFootR": 80,
							"UpperFootL": 80,
							"LowerFootR": 80,
							"LowerFootL": 80
						},
						"elementBlendMode": {
							"LowerTorso": "Average",
							"UpperTorso": "Average",
							"UpperFootR": "Average",
							"UpperFootL": "Average",
							"LowerFootR": "Average",
							"LowerFootL": "Average"
						}
					}
				},
				"walk": {
					"animation": "Walk",
					"weight": 10,
					"movespeedByType": {
						"*-adult-*": 0.0045,
					},
					"animationSpeedByType": {
						"*": 1
					},
					"blendMode": "Average",
					"riderAnim": {
						"animation": "rideelk-walk",
						"animationSpeed": 1,
						"weight": 1,
						"withFpVariant": true,
						"blendMode": "Average",
						"elementWeight": {
							"LowerTorso": 80,
							"UpperTorso": 80,
							"UpperFootR": 80,
							"UpperFootL": 80,
							"LowerFootR": 80,
							"LowerFootL": 80
						},
						"elementBlendMode": {
							"LowerTorso": "Average",
							"UpperTorso": "Average",
							"UpperFootR": "Average",
							"UpperFootL": "Average",
							"LowerFootR": "Average",
							"LowerFootL": "Average"
						}
					}
				},
				"walkback": {
					"animation": "Walk",
					"weight": 10,
					"movespeedByType": {
						"*-adult-*": 0.0045,
					},
					"animationSpeedByType": {
						"*": 1
					},
					"easeInSpeed": 1,
					"easeOutSpeed": 3,
					"blendMode": "Average",
					"riderAnim": {
						"animation": "rideelk-walk",
						"animationSpeed": 1,
						"weight": 1,
						"withFpVariant": true,
						"blendMode": "Average",
						"elementWeight": {
							"LowerTorso": 80,
							"UpperTorso": 80,
							"UpperFootR": 80,
							"UpperFootL": 80,
							"LowerFootR": 80,
							"LowerFootL": 80
						},
						"elementBlendMode": {
							"LowerTorso": "Average",
							"UpperTorso": "Average",
							"UpperFootR": "Average",
							"UpperFootL": "Average",
							"LowerFootR": "Average",
							"LowerFootL": "Average"
						}
					}
				},
				"sprint": {
					"animation": "Gallop",
					"weight": 10,
						"priority": 2.1,
						"movespeedByType": {
							"*-adult-*": 0.04,

						},
						"animationSpeedByType": {
							"*-adult-*": 3.5
						},
					"blendMode": "Average",
					"riderAnim": {
						"animation": "rideelk-run",
						"animationSpeed": 2,
						"weight": 1,
						"withFpVariant": true,
						"blendMode": "Average",
						"elementWeight": {
							"LowerTorso": 80,
							"UpperTorso": 80,
							"UpperFootR": 80,
							"UpperFootL": 80,
							"LowerFootR": 80,
							"LowerFootL": 80
						},
						"elementBlendMode": {
							"LowerTorso": "Average",
							"UpperTorso": "Average",
							"UpperFootR": "Average",
							"UpperFootL": "Average",
							"LowerFootR": "Average",
							"LowerFootL": "Average"
						}
					}
				},
				"jump": {
					"animation": "Walk",
					"weight": 50,
					"easeOutSpeed": 40,
					"blendMode": "Average",
					"animationSpeed": 1,
					"movespeed": 0.08,
					"riderAnim": {
						"animation": "rideelk-jump",
						"animationSpeed": 1,
						"weight": 10,
						"withFpVariant": true,
						"blendMode": "Average",
						"elementWeight": {
							"LowerTorso": 160,
							"UpperTorso": 160,
							"UpperFootR": 160,
							"UpperFootL": 160,
							"LowerFootR": 160,
							"LowerFootL": 160
						},
						"elementBlendMode": {
							"LowerTorso": "Average",
							"UpperTorso": "Average",
							"UpperFootR": "Average",
							"UpperFootL": "Average",
							"LowerFootR": "Average",
							"LowerFootL": "Average"
						}
					}
				}
			}
		},
		"ownable": {
			"groupCode": "mountableanimal"
		}
	},
    "client": {
        "renderer": "Shape",
        "shapeByType": {
			"*-ankylosaurus-adult-*":{"base": "entity/land/ankylosauria/ankylosaurus/adult"},"*-ankylosaurus-baby-*":{"base": "entity/land/ankylosauria/ankylosaurus/baby"},
			"*-tarchia-adult-*":{"base": "entity/land/ankylosauria/tarchia/adult"},"*-tarchia-baby-*":{"base": "entity/land/ankylosauria/tarchia/baby"},
			"*-euoplocephalus-adult-*":{"base": "entity/land/ankylosauria/euoplocephalus/adult"},"*-euoplocephalus-baby-*":{"base": "entity/land/ankylosauria/euoplocephalus/baby"},
			"*-edmontonia-adult-*":{"base": "entity/land/ankylosauria/edmontonia/adult"},"*-edmontonia-baby-*":{"base": "entity/land/ankylosauria/edmontonia/baby"},
			"*-ziapelta-adult-*":{"base": "entity/land/ankylosauria/ziapelta/adult"},"*-ziapelta-baby-*":{"base": "entity/land/ankylosauria/ziapelta/baby"},
			"*-pinacosaurus-adult-*":{"base": "entity/land/ankylosauria/pinacosaurus/adult"},"*-pinacosaurus-baby-*":{"base": "entity/land/ankylosauria/pinacosaurus/baby"},
			"*-antarctopelta-adult-*":{"base": "entity/land/ankylosauria/antarctopelta/adult"},"*-antarctopelta-baby-*":{"base": "entity/land/ankylosauria/antarctopelta/baby"},
			"*-struthiosaurus-adult-*":{"base": "entity/land/ankylosauria/struthiosaurus/adult"},"*-struthiosaurus-baby-*":{"base": "entity/land/ankylosauria/struthiosaurus/baby"},
		},
         "textureByType": {
            "*-ankylosaurus-adult-*":{"base": "entity/ankylosaurus-adult"},"*-ankylosaurus-baby-*":{"base": "entity/ankylosaurus-adult"},
            "*-tarchia-adult-*":{"base": "entity/tarchia-adult"},"*-tarchia-baby-*":{"base": "entity/tarchia-adult"},
            "*-euoplocephalus-adult-*":{"base": "entity/euoplocephalus-adult"},"*-euoplocephalus-baby-*":{"base": "entity/euoplocephalus-adult"},
            "*-edmontonia-adult-*":{"base": "entity/edmontonia-adult"},"*-edmontonia-baby-*":{"base": "entity/edmontonia-adult"},
            "*-ziapelta-adult-*":{"base": "entity/ziapelta-adult"},"*-ziapelta-baby-*":{"base": "entity/ziapelta-adult"},
            "*-pinacosaurus-adult-*":{"base": "entity/pinacosaurus-adult"},"*-pinacosaurus-baby-*":{"base": "entity/pinacosaurus-adult"},
            "*-antarctopelta-adult-*":{"base": "entity/antarctopelta-adult"},"*-antarctopelta-baby-*":{"base": "entity/antarctopelta-adult"},
            "*-struthiosaurus-adult-*":{"base": "entity/struthiosaurus-adult"},"*-struthiosaurus-baby-*":{"base": "entity/struthiosaurus-adult"},
        },
        "sizeByType": {
			"*-ankylosaurus-adult-male": 1.0,"*-ankylosaurus-adult-female": 0.9,"*-ankylosaurus-baby-*": 1.0,
			"*-tarchia-adult-male": 0.95,"*-tarchia-adult-female": 0.85,"*-tarchia-baby-*": 1.0,
			"*-euoplocephalus-adult-male": 0.8,"*-euoplocephalus-adult-female": 0.7,"*-euoplocephalus-baby-*": 0.9,
			"*-edmontonia-adult-male": 0.8,"*-edmontonia-adult-female": 0.7,"*-edmontonia-baby-*": 0.9,
			"*-ziapelta-adult-male": 0.7,"*-ziapelta-adult-female": 0.6,"*-ziapelta-baby-*": 0.8,
			"*-pinacosaurus-adult-male": 0.7,"*-pinacosaurus-adult-female": 0.6,"*-pinacosaurus-baby-*": 0.8,
			"*-antarctopelta-adult-male": 0.65,"*-antarctopelta-adult-female": 0.55,"*-antarctopelta-baby-*": 0.7,
			"*-struthiosaurus-adult-male": 0.4,"*-struthiosaurus-adult-female": 0.3,"*-struthiosaurus-baby-*": 0.5,
		},

        "behaviors": [
			{"code": "rideable", "enabledByType": {  "*-baby-*": false,"*-struthiosaurus-*": false, "*": true},"minGeneration": 3 },
            {"code": "repulseagents" },
			{"code": "controlledphysics","stepHeight": 1.1251},
			{"code": "floatupwhenstuck","onlyWhenDead": true},
			{"code": "interpolateposition" },
			{"code": "harvestable","quantitySlots": 8},
			{"code": "multiply", "enabledByType": { "*-adult-female": true, "*": false } },
			{"code": "despawn","minPlayerDistance": 8,"belowLightLevel": 8,"minSeconds": 300},
			{"code": "ropetieable","minGeneration": 2},
			{"code": "selectionboxes", "enabledByType": {  "*-baby-*": false,"*-struthiosaurus-*": false, "*": true},"minGeneration": 3 },
			{"code": "ownable", "enabledByType": { "*-baby-*": false,"*-struthiosaurus-*": false,"*": true},"minGeneration": 3 },
			{"code": "rideableaccessories", "enabledByType": {  "*-baby-*": false,"*-struthiosaurus-*": false, "*": true},"minGeneration": 3 },

        ],
        "animations": [
			{"code": "attack","animation": "Attack","animationSpeed": 1.2,"weight": 10,"blendMode": "AddAverage"},
			{"code": "die","animation": "Die","easeInSpeed": 3,"animationSpeed": 1,"weight": 10,"blendMode": "Average","triggeredBy": { "onControls": [ "dead" ] }},
			{"code": "eat","animation": "Eat","easeInSpeed": 4,"easeOutSpeed": 4,"blendMode": "Average"},
			{"code": "gallop","animation": "Gallop","easeInSpeed": 10,"easeOutSpeed": 2,"supressDefaultAnimation": true,"blendMode": "Average"},
			{"code": "graze","animation": "Graze","supressDefaultAnimation": true,"blendMode": "Average"},
			{"code": "hurt","animation": "Hurt","animationSpeed": 2.2,"weight": 10,"blendMode": "AddAverage"},
			{"code": "idle","animation": "Idle","animationSpeed": 0.5,"blendMode": "AddAverage","easeOutSpeed": 4,"triggeredBy": { "defaultAnim": true }},
			{"code": "look","animation": "Look", "blendMode": "AddAverage","easeOutSpeed": 0.25},
			{"code": "alert","animation": "Alert","animationSpeed": 1.2,"weight": 10,"blendMode": "AddAverage"},
			{"code": "roar","animation": "Roar","animationSpeed": 2.2,"weight": 10,"blendMode": "AddAverage"},
			{"code": "trot","animation": "Trot","easeInSpeed": 10,"easeOutSpeed": 2,"supressDefaultAnimation": true,"blendMode": "Average"},
			{"code": "sit","animation": "Sit","easeInSpeed": 0.1,"easeOutSpeed": 0.5,"blendMode": "Average"},
			{"code": "lie","animation": "Lie","easeInSpeed": 0.1,"easeOutSpeed": 0.5,"weight": 10,"blendMode": "Average"},
			{"code": "sleep","animation": "Sleep","easeInSpeed": 2,"easeOutSpeed": 2,"weight": 5,"blendMode": "Average"},
			{"code": "swim","animation": "Swim","supressDefaultAnimation": true,"blendMode": "Average"},
			{"code": "walk","animation": "Walk","easeInSpeed": 10,"supressDefaultAnimation": true,"blendMode": "Average"}
		]
    },
    "server": {
		"attributes": {"pathfinder": {"minTurnAnglePerSec": 60,"maxTurnAnglePerSec": 120}},
        "behaviors": [
			{"code": "rideable", "enabledByType": {  "*-baby-*": false,"*-struthiosaurus-*": false, "*": true},"minGeneration": 3 },
			{"code": "selectionboxes", "enabledByType": {  "*-baby-*": false,"*-struthiosaurus-*": false, "*": true},"minGeneration": 3 },
			{"code": "ownable", "enabledByType": { "*-baby-*": false,"*-struthiosaurus-*": false,"*": true},"minGeneration": 3 },
			{"code": "rideableaccessories", "enabledByType": {  "*-baby-*": false,"*-struthiosaurus-*": false, "*": true},"minGeneration": 3 },
            {"code": "repulseagents" },
            {"code": "controlledphysics","stepHeight": 1.1251},
            {"code": "despawn","minPlayerDistance": 8,"belowLightLevel": 8,"minSeconds": 300},
            {"code": "floatupwhenstuck","onlyWhenDead": true},
            {"code": "breathe"},
            {"code": "health",
                    "maxhealthByType": {
                        "*-ankylosaurus-adult-male": 400,"*-ankylosaurus-adult-female": 390,"*-ankylosaurus-baby-*": 20,
                        "*-tarchia-adult-male": 390,"*-tarchia-adult-female": 380,"*-tarchia-baby-*": 18,
						"*-euoplocephalus-adult-male": 350,"*-euoplocephalus-adult-female": 350,"*-euoplocephalus-baby-*": 15,
						"*-edmontonia-adult-male": 350,"*-edmontonia-adult-female": 350,"*-edmontonia-baby-*": 15,
						"*-ziapelta-adult-male": 275,"*-ziapelta-adult-female": 265,"*-ziapelta-baby-*": 12,
						"*-pinacosaurus-adult-male": 275,"*-pinacosaurus-adult-female": 265,"*-pinacosaurus-baby-*": 12,
						"*-antarctopelta-adult-male": 250,"*-antarctopelta-adult-female": 240,"*-antarctopelta-baby-*": 10,
						"*-struthiosaurus-adult-male": 200,"*-struthiosaurus-adult-female": 190,"*-struthiosaurus-baby-*": 7,
                    }
			},
            {"code": "deaddecay",
                    "hoursToDecay": 96,
                    "decayedBlockByType": {
                    "*-adult-*": "carcass-large",
                    "*-baby-*": "carcass-medium"
					}
            },
            {"code": "harvestable",
				"quantitySlots": 8,
				"drops": [
					{
						"type": "item",
						"code": "game:redmeat-raw",
						"quantityByType": {
							"*-ankylosaurus-adult-*": {"avg": 50,"var": 10}, "*-ankylosaurus-baby-*": {"avg": 5,"var": 3},
							"*-tarchia-adult-*": {"avg": 45,"var": 10}, "*-tarchia-baby-*": {"avg": 5,"var": 3},
							"*-euoplocephalus-adult-*": {"avg": 40,"var": 10}, "*-euoplocephalus-baby-*": {"avg": 4,"var": 3},
							"*-edmontonia-adult-*": {"avg": 40,"var": 10}, "*-edmontonia-baby-*": {"avg": 4,"var": 3},
							"*-ziapelta-adult-*": {"avg": 30,"var": 10}, "*-ziapelta-baby-*": {"avg": 3,"var": 3},
							"*-pinacosaurus-adult-*": {"avg": 30,"var": 10}, "*-pinacosaurus-baby-*": {"avg": 3,"var": 3},
							"*-antarctopelta-adult-*": {"avg": 25,"var": 10}, "*-antarctopelta-baby-*": {"avg": 2.5,"var": 3},
							"*-struthiosaurus-adult-*": {"avg": 10,"var": 10}, "*-struthiosaurus-baby-*": {"avg": 1,"var": 3},
						}
					},
					{
						"type": "item",
						"code": "game:fat",
						"quantityByType": {
							"*-ankylosaurus-adult-*": {"avg": 25,"var": 5}, "*-ankylosaurus-baby-*": {"avg": 2,"var": 3},
							"*-tarchia-adult-*": {"avg": 20,"var": 10}, "*-tarchia-baby-*": {"avg": 2,"var": 3},
							"*-euoplocephalus-adult-*": {"avg": 15,"var": 10}, "*-euoplocephalus-baby-*": {"avg": 2,"var": 3},
							"*-edmontonia-adult-*": {"avg": 15,"var": 10}, "*-edmontonia-baby-*": {"avg": 4,"var": 2},
							"*-ziapelta-adult-*": {"avg": 10,"var": 10}, "*-ziapelta-baby-*": {"avg": 2,"var": 3},
							"*-pinacosaurus-adult-*": {"avg": 10,"var": 10}, "*-pinacosaurus-baby-*": {"avg": 2,"var": 3},
							"*-antarctopelta-adult-*": {"avg": 8,"var": 10}, "*-antarctopelta-baby-*": {"avg": 2,"var": 3},
							"*-struthiosaurus-adult-*": {"avg": 4,"var": 10}, "*-struthiosaurus-baby-*": {"avg": 1,"var": 3},
						}
					},
					{
						"type": "item",
						"code": "game:hide-raw-huge",
						"quantityByType": {
							"*-ankylosaurus-adult-*": {"avg": 3,"var": 0}, "*-ankylosaurus-baby-*": {"avg": 0,"var": 0},
							"*-tarchia-adult-*": {"avg": 3,"var": 0}, "*-tarchia-baby-*": {"avg": 0,"var": 0},
							"*-euoplocephalus-adult-*": {"avg": 3,"var": 0}, "*-euoplocephalus-baby-*": {"avg": 0,"var": 0},
							"*-edmontonia-adult-*": {"avg": 3,"var": 0}, "*-edmontonia-baby-*": {"avg": 0,"var": 0},
							"*-ziapelta-adult-*": {"avg": 3,"var": 0}, "*-ziapelta-baby-*": {"avg": 0,"var": 0},
							"*-pinacosaurus-adult-*": {"avg": 2,"var": 0}, "*-pinacosaurus-baby-*": {"avg": 0,"var": 0},
							"*-antarctopelta-adult-*": {"avg": 2,"var": 0}, "*-antarctopelta-baby-*": {"avg": 0,"var": 0},
							"*-struthiosaurus-adult-*": {"avg": 1,"var": 0}, "*-struthiosaurus-baby-*": {"avg": 0,"var": 0},
						}
					},
					{
						"type": "item",
						"code": "game:hide-raw-medium",
						"quantityByType": {
							"*-baby": {"avg": 1.0,"var": 0.0},
							"*": {"avg": 0.0,"var": 0.0}
						}
					}
				]
			},
			{"code": "multiply",
				"enabledByType": {
					"*-adult-female": true,
					"*": false
				},
				"spawnEntityCodesByType": {
					"*": [ { "code":"ankylosauria:ankylosauria-{type}-egg-raw"}]},
				"requiresNearbyEntityCodeByType": {"*": "ankylosauria:ankylosauria-{type}-adult-male"},
				"eatAnyway": true,
				"requiresNearbyEntityRange": 20,
				"spawnQuantityMin": 6,
				"spawnQuantityMaxByType": {"*": 12},
				"pregnancyDaysByType": {"*": 30},
				"multiplyCooldownDaysMinByType": {"*": 30},
				"multiplyCooldownDaysMaxByType": {"*": 60},
				"portionsEatenForMultiplyByType": {
					"*-ankylosaurus-adult-male": 50,
					"*-tarchia-adult-male": 48,
					"*-euoplocephalus-adult-male": 40,
					"*-edmontonia-adult-male": 40,
					"*-ziapelta-adult-male": 35,
					"*-pinacosaurus-adult-male": 35,
					"*-antarctopelta-adult-male": 33,
					"*-struthiosaurus-adult-male": 20,
				}
			},
            {"code": "grow",
					"enabledByType": {
					"*-baby-*": true,
					"*": false
				},
				"hoursToGrowByType": {"*": 720,
					"*-ankylosaurus-adult-male": 720,
					"*-tarchia-adult-male": 684,
					"*-euoplocephalus-adult-male": 576,
					"*-edmontonia-adult-male": 576,
					"*-ziapelta-adult-male": 504,
					"*-pinacosaurus-adult-male": 504,
					"*-antarctopelta-adult-male": 468,
					"*-struthiosaurus-adult-male": 288,
				},
				"adultEntityCodesByType": {
					"*-baby-male": ["ankylosauria:ankylosauria-{type}-adult-male"],
					"*-baby-female": ["ankylosauria:ankylosauria-{type}-adult-female"]
				}
			},
			{"code": "emotionstates",
				"states": [
					{"code": "aggressiveondamage","duration": 60,
						"chanceByType": {
							"*-adult-*": 1,
							"*-baby-*": 0.5
						},
						"slot": 2,"priority": 3,"accumType": "noaccum"},
					{"code": "fleeondamage","duration": 60,"slot": 1,"chanceByType": {"*-adult-*": 1,"*-baby-*": 0},"priority": 2,"accumType": "max","whenHealthRelBelow": 0.4},
					{"code": "fleeondamage","duration": 30,"slot": 1,"chanceByType": {"*-adult-*": 0,"*-baby-*": 1},"priority": 0.75,"accumType": "max","whenHealthRelBelow": 0.5},
					{"code": "saturated","duration": 1200,"chance": 1,"slot": 0,"priority": 1,"accumType": "sum"},
					{ "code": "aggressivearoundentities", "duration": 60, "chanceByType": {"*-baby-*": 0.0,"*-adult-*": 1.0}, "slot": 2, "priority": 5, "entityCodes": ["ankylosauria:ankylosauria-{type}-baby-male","ankylosauria:ankylosauria-{type}-baby-female"], "maxGeneration": 1 }
				]
			},
			{
				"code": "taskai",
				"aiCreatureType": "LandCreature",
				"aitasks": [
                    {
						"code": "meleeattack",
						"animation": "Attack",
						"enabledByType": {
							"*": true},
						"entityCodesByType": {
							"*-adult-*": [ "player","bear-*","bell-*","bowtorn-*","drifter-*","hyena-*","locust-*","shiver-*","wolf-*",
							"hitch",
							"tyrannosauridae-*", "spinosauridae-*","dromaeosauridae-*","abelisauridae-*","mosasauridae-*","carcharodontosauridae-*",],
							"*": ["bear-*","bell-*","bowtorn-*","drifter-*","hyena-*","locust-*","shiver-*","wolf-*","tyrannosauridae-*", "spinosauridae-*","dromaeosauridae-*","abelisauridae-*","carcharodontosauridae-*",],
							},
						"priority": 1.9,
						"slot": 1,
						"damageByType": {
							"*-ankylosaurus-adult-male": 20,"*-ankylosaurus-adult-female": 19,"*-ankylosaurus-baby-*": 4,
							"*-tarchia-adult-male": 19.5,"*-tarchia-adult-female": 18.5,"*-tarchia-baby-*": 3.5,
							"*-euoplocephalus-adult-male": 17,"*-euoplocephalus-adult-female": 16,"*-euoplocephalus-baby-*": 3,
							"*-edmontonia-adult-male": 17,"*-edmontonia-adult-female": 16,"*-edmontonia-baby-*": 3,
							"*-ziapelta-adult-male": 15,"*-ziapelta-adult-female": 14,"*-ziapelta-baby-*": 2.5,
							"*-pinacosaurus-adult-male": 15,"*-pinacosaurus-adult-female": 14,"*-pinacosaurus-baby-*": 2.5,
							"*-antarctopelta-adult-male": 13,"*-antarctopelta-adult-female": 12,"*-antarctopelta-baby-*": 2,
							"*-struthiosaurus-adult-male": 10,"*-struthiosaurus-adult-female": 9,"*-struthiosaurus-baby-*": 1,

						},
						"knockbackStrengthByType": {
							"*-baby-*":0.0,
							"*-ankylosaurus-adult-*": 3,
							"*-tarchia-adult-*": 3,
							"*-euoplocephalus-adult-*": 2.5,
							"*-edmontonia-adult-*": 2.5,
							"*-ziapelta-adult-*": 2,
							"*-pinacosaurus-adult-*": 2,
							"*-antarctopelta-adult-*": 2,
							"*-struthiosaurus-adult-*": 1,
						},
						"damageTierByType": {
							"*-baby-*":1,
							"*-ankylosaurus-adult-*": 5,
							"*-tarchia-adult-*": 5,
							"*-euoplocephalus-adult-*": 4,
							"*-edmontonia-adult-*": 4,
							"*-ziapelta-adult-*": 3,
							"*-pinacosaurus-adult-*": 3,
							"*-antarctopelta-adult-*": 2,
							"*-struthiosaurus-adult-*": 2,
						},
						"attackAngleRangeDeg": 120,
						"mincooldown": 1250,
						"maxcooldown": 1500,
						"minDistByType": {"*-adult-*":4,"*":1},
						"minVerDistByType": {"*-adult-*":3,"*":1},
						"attackDurationMs": 1250,
						"damagePlayerAtMs": 400,
						"animationSpeed": 1.25,
						"soundByType": {
							"*-adult-*":"creature/hurt"},
					},
					{
						"code": "seekentity",
						"animation": "Trot",
						"enabledByType": {"*-baby-*": false,"*-adult-*": true},
						"entityCodesByType": {
							"*-adult-*": [ "bear-*","bell-*","bowtorn-*","drifter-*","hyena-*","locust-*","shiver-*","wolf-*","tyrannosauridae-*", "spinosauridae-*","dromaeosauridae-*","abelisauridae-*","carcharodontosauridae-*",],
						},
						"priority": 1.82,
						"mincooldown": 600,
						"maxcooldown": 650,
						"seekingRange": 15,
						"movespeedByType": {
							"*-adult-*": 0.035,
							"*-baby-*": 0.010,
						},
						"animationSpeedByType": {
							"*-baby-*": 3,
							"*": 4.0
						},
						"whenNotInEmotionState": "fleeondamage"
					},
					{
						"code": "seekentity",
						"animation": "Trot",
						"enabledByType": {"*-baby-*": false,"*-adult-*": true},
						"entityCodesByType": {
							"*-adult-*": [ "player"],
						},
						"priority": 1.82,
						"mincooldown": 600,
						"maxcooldown": 650,
						"seekingRange": 4,
						"movespeedByType": {
							"*-adult-*": 0.035,
							"*-baby-*": 0.010,
						},
						"animationSpeedByType": {
							"*-baby-*": 3,
							"*": 4.0
						},
						"whenNotInEmotionState": "fleeondamage"
					},
					{
						"code": "seekentity",
						"animation": "Trot",
						"enabledByType": {"*-baby-*": false,"*-adult-*": true},
						"entityCodesByType": {
							"*-adult-*": [ "player","bear-*","bell-*","bowtorn-*","drifter-*","hyena-*","locust-*","shiver-*","wolf-*","tyrannosauridae-*", "spinosauridae-*","dromaeosauridae-*","abelisauridae-*","carcharodontosauridae-*",]
						},
						"priority": 1.84,
						"mincooldown": 6000,
						"maxcooldown": 6500,
						"seekingRange": 20,
						"movespeedByType": {
							"*-adult-*": 0.035,
							"*-baby-*": 0.01,
						},
						"animationSpeedByType": {
							"*-baby-*": 5,
							"*": 5.0
						},
						"soundByType": {
							"*-adult-*":"creature/hurt"},
						"whenInEmotionState": "aggressiveondamage"
					},
					{
						"code": "seekentity",
						"animation": "Trot",
						"enabledByType": {"*-baby-*": false,"*-adult-*": true},
						"entityCodesByType": {
							"*-adult-*": [ "player","bear-*","bell-*","bowtorn-*","drifter-*","hyena-*","locust-*","shiver-*","wolf-*","tyrannosauridae-*", "spinosauridae-*","dromaeosauridae-*","abelisauridae-*","carcharodontosauridae-*",]
						},
						"priority": 1.83,
						"mincooldown": 6000,
						"maxcooldown": 6500,
						"seekingRange": 6,
						"movespeedByType": {
							"*-adult-*": 0.035,
							"*-baby-*": 0.010,
						},
						"animationSpeedByType": {
							"*-baby-*": 5,
							"*": 5.0
						},
						"soundByType": {
							"*-adult-*":"creature/hurt"},
						"whenInEmotionState": "aggressivearoundentities"
					},
                    {
						"code": "fleeentity",
						"animation": "Trot",
						"enabledByType": {"*-adult-*": true,"*": true},
						"entityCodesByType": {
							"*-baby-*":["bear-*","bell-*","bowtorn-*","drifter-*","shiver-*","hyena-male", "hyena-female","wolf-male", "wolf-female","tyrannosauridae-*","abelisauridae-*","spinosauridae-*","mosasauridae-*",],
							"*": ["bell-*",
							"tyrannosauridae-tyrannosaurus-adult-*","tyrannosauridae-tarbosaurus-adult-*","tyrannosauridae-nanuqsaurus-adult-*","tyrannosauridae-albertosaurus-adult-*","tyrannosauridae-gorgosaurus-adult-*","tyrannosauridae-alioramus-adult-*","tyrannosauridae-qianzhousaurus-adult-*","tyrannosauridae-zhuchengtyrannus-adult-*","tyrannosauridae-bistahieversor-adult-*","tyrannosauridae-thanatotheristes-adult-*","tyrannosauridae-teratophoneus-adult-*","tyrannosauridae-dynamoterror-adult-*",

							"spinosauridae-spinosaurus-adult-*", "spinosauridae-oxalaia-adult-*", "spinosauridae-suchomimus-adult-*", "spinosauridae-baryonyx-adult-*", "spinosauridae-ichthyovenator-adult-*","spinosauridae-irritator-adult-*",

							"*-dromaeosauridae-utahraptor-adult-*","*-dromaeosauridae-dakotaraptor-adult-*","*-dromaeosauridae-achillobator-adult-*",

							"abelisauridae-pycnonemosaurus-adult-*","abelisauridae-ekrixinatosaurus-adult-*","abelisauridae-carnotaurus-adult-*","abelisauridae-chenanisaurus-adult-*","abelisauridae-rajasaurus-adult-*","abelisauridae-abelisaurus-adult-*",

							"mosasauridae-mosasaurus-adult-*","mosasauridae-tylosaurus-adult-*","mosasauridae-plotosaurus-adult-*","mosasauridae-thalassotitan-adult-*","mosasauridae-prognathodon-adult-*","mosasauridae-moanasaurus-adult-*","mosasauridae-kaikaifilu-adult-*","mosasauridae-taniwhasaurus-adult-*","mosasauridae-platecarpus-adult-*","mosasauridae-globidens-adult-*",

							"carcharodontosauridae-giganotosaurus-adult-*","carcharodontosauridae-carcharodontosaurus-adult-*","carcharodontosauridae-mapusaurus-adult-*","carcharodontosauridae-tyrannotitan-adult-*","carcharodontosauridae-tameryraptor-adult-*","carcharodontosauridae-veterupristisaurus-adult-*","carcharodontosauridae-ulughbegsaurus-adult-*","carcharodontosauridae-siamraptor-adult-*","carcharodontosauridae-shaochilong-adult-*","carcharodontosauridae-concavenator-adult-*","carcharodontosauridae-lusovenator-adult-*","carcharodontosauridae-lajasvenator-adult-*",


							]
						},
						"priority": 1.8,
						"movespeedByType": {
							"*-adult-*": 0.035,
							"*-baby-*": 0.010,
						},
						"animationSpeedByType": {
							"*-baby-*": 4,
							"*": 3
						},
						"whenNotInEmotionState": "fleeondamage",
						"seekingRange": 20
					},
					{
						"code": "fleeentity",
						"animation": "Gallop",
						"entityCodesByType": {
							"*": [ "player","bear-*","bell-*","bowtorn-*","drifter-*","shiver-*","hyena-*","locust-*", "wolf-*", "tyrannosauridae-*", "spinosauridae-*","dromaeosauridae-*","abelisauridae-*","carcharodontosauridae-*",]
						},
						"priority": 2.1,
						"movespeedByType": {
							"*-adult-*": 0.04,
							"*-baby-*": 0.02,
						},
						"animationSpeedByType": {
							"*-baby-*": 4.5,
							"*": 3.5
						},
						"seekingRange": 50,
						"whenInEmotionState": "fleeondamage"
					},
                    {
						"code": "getoutofwater",
						"animation": "Swim",
						"priority": 1.4,
						"movespeedByType": {
							"*-adult-*": 0.025,
							"*-baby-*": 0.01,
						},
						"animationSpeed": 1.5
					},
                    {
						"code": "stayclosetoentity",
						"animation": "Trot",
						"enabledByType": {
							"*": true
						},
						"priority": 1.81,
						"entityCodeByType": {
							"*-adult-*": "ankylosauria-{type}-baby-{gender}",
							"*-baby-*": "ankylosauria-{type}-adult-{gender}"},
						"movespeedByType": {
							"*-adult-*": 0.035,
							"*-baby-*": 0.010,
							},
						"maxDistanceByType": {"*-adult-*": 24,"*-baby-*": 6},
						"searchRange": 45,
						"animationSpeedByType": {
							"*-adult-*": 5,
							"*-baby-*": 5
						},
					},
                    {
						"code": "idle",
						"animation": "Sit",
						"priority": 1.2,
						"minduration": 20000,
						"maxduration": 240000,
						"mincooldown": 6000,
						"maxcooldown": 12000,
						"priorityForCancel": 1.28,
						"duringDayTimeFramesByType": {
							"*":[{"fromHour": 22,"toHour": 24},{"fromHour": 0,"toHour": 4},{"fromHour": 12,"toHour": 16}],
							},
						"stopOnNearbyEntityCodes": [ "player", "bear-*","hyena-male", "hyena-female","wolf-male", "wolf-female", "tyrannosauridae-*", "spinosauridae-*","dromaeosauridae-*","abelisauridae-*","mosasauridae-*","carcharodontosauridae-*",],
						"stopRange": 20,
						"animationSpeedByType": {
							"*-baby-*": 0.6,
							"*": 0.5
						},
						"stopOnHurt": true,
						"whenNotInEmotionState": "aggressiveondamage|aggressivearoundentities|fleeondamage"
					},
                    {
						"code": "idle",
						"animation": "Lie",
						"priority": 1.18,
						"minduration": 30000,
						"maxduration": 240000,
						"mincooldown": 6000,
						"maxcooldown": 12000,
						"priorityForCancel": 1.28,
						"duringDayTimeFramesByType": {
							"*":[{"fromHour": 22.5,"toHour": 24},{"fromHour": 0,"toHour": 4},{"fromHour": 12.5,"toHour": 16}],
							},
						"stopOnNearbyEntityCodes": [ "player", "bear-*","hyena-male", "hyena-female","wolf-male", "wolf-female", "tyrannosauridae-*", "spinosauridae-*","dromaeosauridae-*","abelisauridae-*","mosasauridae-*","carcharodontosauridae-*",],
						"stopRange": 10,
						"animationSpeedByType": {
							"*-baby-*": 0.6,
							"*": 0.5
						},
						"stopOnHurt": true,
						"whenNotInEmotionState": "aggressiveondamage|aggressivearoundentities|fleeondamage"
					},
                    {
						"code": "idle",
						"animation": "Sleep",
						"priority": 1.15,
						"minduration": 200000,
						"maxduration": 800000,
						"mincooldown": 1000,
						"maxcooldown": 3000,
						"animationSpeed": 0.3,
						"whenNotInEmotionState": "aggressiveondamage|aggressivearoundentities|fleeondamage",
						"duringDayTimeFramesByType": {
							"*":[{"fromHour": 22.75,"toHour": 24},{"fromHour": 0,"toHour": 4},{"fromHour": 12.75,"toHour": 15}],
							},
						"stopOnNearbyEntityCodes": [ "player" ],
						"stopRange": 1,
						"stopOnHurt": true
					},
                    {
						"code": "seekfoodandeat",
						"animation": "Walk",
						"eatAnimation": "Eat",

						"priority": 1.34,
						"eatSoundByType": {
							"*":"game:creature/animal-eat*"},
						"eatTime": 1.5,
						"eatLooseItems": true,
						"movespeedByType": {
							"*-baby-*": 0.003,
							"*-struthiosaurus-adult-*": 0.0050,
							"*-adult-*": 0.0045,

						},
						"animationSpeedByType": {
							"*-baby-*": 1,
							"*-struthiosaurus-adult-*": 1.5,
							"*-adult-*": 1,
						},
						"mincooldownHours": 1,
						"maxcooldownHours": 4,
						"whenNotInEmotionState": "aggressiveondamage|aggressivearoundentities|fleeondamage"
					},
                    {
						"code": "idle",
						"animation": "Eat",
						"priority": 1.2,
						"priorityForCancel": 1.35,
						"minduration": 2667,
						"maxduration": 2667,
						"mincooldown": 6000,
						"maxcooldown": 20000,
						"animationSpeed": 0.75,
						"soundByType": {"*":"game:creature/animal-eat*"},
						"whenNotInEmotionState": "aggressiveondamage|aggressivearoundentities|fleeondamage"
					},
                    {
						"code": "idle",
						"animation": "Roar",
						"priority": 0.5,
						"priorityForCancel": 1.5,
						"minduration": 4667,
						"maxduration": 4667,
						"chanceByType": {"*":0.01},
						"mincooldown": 8000,
						"maxcooldown": 50000,
						"animationSpeed": 0.5,
						"soundByType": {
							"*-adult-*": "creature/roar",
							"*-baby-*": "creature/baby"
						},
						"soundRangeByType": {
							"*-baby-*": 30,
							"*": 100
						},
						"whenNotInEmotionState": "aggressiveondamage|aggressivearoundentities|fleeondamage"
					},
                    {
						"code": "wander",
						"animation": "Graze",
						"priority": 1.0,
						"priorityForCancel": 1.35,
						"movespeedByType": {
							"*-baby-*": 0.003,
							"*-struthiosaurus-adult-*": 0.0050,
							"*-adult-*": 0.0045,

						},
						"animationSpeedByType": {
							"*-baby-*": 1,
							"*-struthiosaurus-adult-*": 1.5,
							"*-adult-*": 1,
						},
						"preferredLightLevel": 14,
						"soundByType": {"*":"game:creature/animal-eat*"},
						"whenNotInEmotionState": "aggressiveondamage|aggressivearoundentities|fleeondamage"
					},
                    {
						"code": "wander",
						"animation": "Walk",
						"priority": 1.0,
						"priorityForCancel": 1.35,
						"chance": 0.0005,
						"duringDayTimeFramesByType": {"*-adult-*":[{"fromHour": 18,"toHour": 19},{"fromHour": 6,"toHour": 7}]},
						"movespeedByType": {
							"*-baby-*": 0.003,
							"*-struthiosaurus-adult-*": 0.0050,
							"*-adult-*": 0.0045,

						},
						"animationSpeedByType": {
							"*-baby-*": 1,
							"*-struthiosaurus-adult-*": 1.5,
							"*-adult-*": 1,
						},
						"preferredLightLevel": 24,
						"whenNotInEmotionState": "aggressiveondamage|aggressivearoundentities|fleeondamage"
					},
					{
						"code": "stayclosetoentity",
						"enabledByType":{
							"*-baby-*":false,
							"*-adult-*":true,
                        },
						"animation": "Run",
						"priority": 2,
						"entityCodeByType": {
							"*-adult-*": "hitch"
							},
						"movespeedByType": {
							"*-adult-*": 0.035,
							"*-baby-*": 0.010,
						},
						"animationSpeedByType": {
							"*-baby-*": 4,
							"*": 3
						},
						"maxDistance": 6,
						"searchRange": 10,

					},
					{
						"code": "seekentity",
						"animation": "Trot",
						"enabledByType":{
							"*-baby-*":false,
							"*-adult-*":true,
                        },
						"entityCodesByType": {"*-adult-*":["hitch"],},
						"priority": 1,
						"seekingRange": 5,
						"belowTempSeekingRange": 5,
						"movespeedByType": {
							"*-adult-*": 0.035,
							"*-baby-*": 0.010,
						},
						"animationSpeedByType": {
							"*-baby-*": 4,
							"*": 3
						},
					},

				]
            },
			{"code": "pettable","minGeneration": 2},
			{"code": "ropetieable","minGeneration": 2},

        ],
	"spawnconditions": {
		"worldgen": {
			"chanceByType": {"*-baby-*": 0.0},
			"maxQuantityByGroup": { "code": "ankylosauria-*", "maxQuantity": 1 },
			"triesPerChunk": { "avg": 0.001, "var": 0},
			"tryOnlySurface": true,
			"insideBlockCodes": ["game:air","game:tallgrass-*","game:gravel-*","game:sand-*","game:snowlayer-1","game:soil-*"],
			"groupSizeByType": {
				"*-adult-male":{ "dist": "uniform","avg": 3,"var": 2},
				"*-adult-female":{ "dist": "uniform","avg": 6,"var": 4},
				"*":{ "dist": "uniform","avg": 0,"var": 0},
			},
			"companionsByType":{
				"*-adult-male":["ankylosauria:ankylosauria-{type}-adult-male"],
				"*-adult-female":["ankylosauria:ankylosauria-{type}-adult-female","ankylosauria:ankylosauria-{type}-adult-female","ankylosauria:ankylosauria-{type}-adult-female","ankylosauria:ankylosauria-{type}-adult-male", "ankylosauria:ankylosauria-{type}-baby-female","ankylosauria:ankylosauria-{type}-baby-male","ankylosauria:ankylosauria-{type}-baby-female","ankylosauria:ankylosauria-{type}-baby-male"],
			},

		},
		"runtime": {
			"group": "neutral",
			"MinDistanceToPlayer": 100,
			"tryOnlySurface": true,
			"chanceByType": {"*-adult-*": 0.00001,"*":0.00,},
			"maxQuantityByGroup": { "code": "ankylosauria-*", "maxQuantity": 1 },
			"triesPerChunk": { "avg": 0.0, "var": 0},
			"maxLightLevel": 7,
			"lightLevelType": "onlyBlockLight",
			"spawnCapPlayerScaling": 0.0,
			"insideBlockCodes": ["game:air","game:tallgrass-*","game:gravel-*","game:sand-*","game:snowlayer-1","game:soil-*"],
			"groupSizeByType": {
				"*-adult-male":{ "dist": "uniform","avg": 3,"var": 2},
				"*-adult-female":{ "dist": "uniform","avg": 6,"var": 4},
				"*":{ "dist": "uniform","avg": 0,"var": 0},
			},
			"companionsByType":{
				"*-adult-male":["ankylosauria:ankylosauria-{type}-adult-male"],
				"*-adult-female":["ankylosauria:ankylosauria-{type}-adult-female","ankylosauria:ankylosauria-{type}-adult-female","ankylosauria:ankylosauria-{type}-adult-female","ankylosauria:ankylosauria-{type}-adult-male", "ankylosauria:ankylosauria-{type}-baby-female","ankylosauria:ankylosauria-{type}-baby-male","ankylosauria:ankylosauria-{type}-baby-female","ankylosauria:ankylosauria-{type}-baby-male"],
			},
		}
	},
    "spawnconditionsByType": {
			"*-ankylosaurus-adult-*": {
				"climate": {
					"minTemp": 5,
					"maxTemp": 30,
					"minRain": 0.3,
					"maxRain": 1,
					"minForestOrShrubs": 0.4,
					"maxForest": 0.8,
					"maxShrubs": 1,
					"minY": 0.9,
					"maxY": 1.6
				},
			},
			"*-tarchia-adult-*": {
				"climate": {
					"minTemp": 10,
					"maxTemp": 40,
					"minRain": 0.2,
					"maxRain": 1,
					"minForestOrShrubs": 0.3,
					"maxForest": 0.6,
					"maxShrubs": 1,
					"minY": 0.9,
					"maxY": 1.5
				},
			},
			"*-euoplocephalus-adult-*": {
				"climate": {
					"minTemp": 5,
					"maxTemp": 30,
					"minRain": 0.3,
					"maxRain": 1,
					"minForestOrShrubs": 0.4,
					"maxForest": 0.8,
					"maxShrubs": 1,
					"minY": 0.9,
					"maxY": 1.6
				},
			},
			"*-edmontonia-adult-*": {
				"climate": {
					"minTemp": 5,
					"maxTemp": 25,
					"minRain": 0.3,
					"maxRain": 1,
					"minForestOrShrubs": 0.4,
					"maxForest": 0.8,
					"maxShrubs": 1,
					"minY": 0.9,
					"maxY": 1.6
				},
			},
			"*-ziapelta-adult-*": {
				"climate": {
					"minTemp": 5,
					"maxTemp": 30,
					"minRain": 0.3,
					"maxRain": 1,
					"minForestOrShrubs": 0.4,
					"maxForest": 0.8,
					"maxShrubs": 1,
					"minY": 0.9,
					"maxY": 1.6
				},
			},
			"*-pinacosaurus-adult-*": {
				"climate": {
					"minTemp": 10,
					"maxTemp": 40,
					"minRain": 0.2,
					"maxRain": 1,
					"minForestOrShrubs": 0.3,
					"maxForest": 0.6,
					"maxShrubs": 1,
					"minY": 0.9,
					"maxY": 1.5
				},
			},
			"*-antarctopelta-adult-*": {
				"climate": {
					"minTemp": -10,
					"maxTemp": 15,
					"minRain": 0.4,
					"maxRain": 1,
					"minForestOrShrubs": 0.5,
					"maxForest": 0.9,
					"maxShrubs": 1,
					"minY": 1,
					"maxY": 1.7
				},
			},
			"*-struthiosaurus-adult-*": {
				"climate": {
					"minTemp": 5,
					"maxTemp": 30,
					"minRain": 0.4,
					"maxRain": 1,
					"minForestOrShrubs": 0.5,
					"maxForest": 0.9,
					"maxShrubs": 1,
					"minY": 1,
					"maxY": 1.7
				},
			},
			"*": {
						"climate": {
							"minTemp": 40,
							"maxTemp": 40,
							"minRain": 0,
							"maxRain": 0,
							"minForestOrShrubs": 0,
							"maxForest": 0,
							"maxShrubs": 0,
							"minY": 0,
							"maxY": 0
						},
						"worldgen": {
							"triesPerChunk": { "avg": 0.0, "var": 0}
						},
						"runtime": {
							"maxQuantityByGroup": { "code": "ankylosauria-*", "maxQuantity": 0 },
							"chanceByType": {"*-baby-*": 0.0},
						}
					},
		}
    },

    "soundsByType": {
		"*-adult-*":{
			"hurt": "creature/hurt",
			"death": "creature/hurt",
			"idle": "creature/idle"
		},
		"*-baby-*":{
			"hurt": "creature/baby-hurt",
			"death": "creature/baby-hurt",
			"idle": "creature/baby"
		},
		"idleSoundChance": 0.1
	}
}
