[
	{
		ingredientPattern: "_N_,PLP,SMH",
		ingredients: {
			"S": { type: "item", code: "game:saw-*", isTool: true  },
			"H": { type: "item", code: "game:hammer-*", isTool: true  },
			"P": { type: "item", code: "game:plank-*", name: "wood" },
			"M": { type: "item", code: "game:metalplate-*", name: "*" ,allowedVariants: ["bismuthbronze", "blackbronze","tinbronze"]},
			"L": { type: "item", code: "game:leather-normal-*", name: "leather"},
			"N": { type: "item", code: "game:metalnailsandstrips-*", name: "nail", quantity:4,allowedVariants: ["bismuthbronze", "blackbronze","tinbronze"]},
		},
		name: "tyrannosaddle",
		width: 3,
		height: 3,
		output: { type: "item", code: "ankylosauria:ankylowearable-saddle", "quantity": 1 }
	},
	{
		ingredientPattern: "_N_,SLH,MMM",
		ingredients: {
			"S": { type: "item", code: "game:saw-*", isTool: true  },
			"H": { type: "item", code: "game:hammer-*", isTool: true  },
			"P": { type: "item", code: "game:plank-*", name: "wood" },
			"M": { type: "item", code: "game:metalplate-*", name: "*" ,allowedVariants: ["bismuthbronze", "blackbronze","tinbronze"]},
			"L": { type: "item", code: "game:leather-normal-*", name: "leather" },
			"N": { type: "item", code: "game:metalnailsandstrips-*", name: "nail", quantity:2,allowedVariants: ["bismuthbronze", "blackbronze","tinbronze"]},
		},
		name: "tyrannobridle",
		width: 3,
		height: 3,
		output: { type: "item", code: "ankylosauria:ankylowearable-bridle1", "quantity": 1 }
	},
	{
		ingredientPattern: "_L_,SNH,MMM",
		ingredients: {
			"S": { type: "item", code: "game:saw-*", isTool: true  },
			"H": { type: "item", code: "game:hammer-*", isTool: true  },
			"P": { type: "item", code: "game:plank-*", name: "wood" },
			"M": { type: "item", code: "game:metalplate-*", name: "*",allowedVariants: ["bismuthbronze", "blackbronze","tinbronze"] },
			"L": { type: "item", code: "game:leather-normal-*", name: "leather" },
			"N": { type: "item", code: "game:metalnailsandstrips-*", name: "nail", quantity:2,allowedVariants: ["bismuthbronze", "blackbronze","tinbronze"]},
		},
		name: "tyrannobridle",
		width: 3,
		height: 3,
		output: { type: "item", code: "ankylosauria:ankylowearable-bridle2", "quantity": 1 }
	},
]
