{
	"code": "ankylosauria",
	"class": "EntityAgent",
	"variantgroups": [
		{"code": "type","states": ["ankylosaurus","tarchia","euoplocephalus","edmontonia","ziapelta","pinacosaurus","antarctopelta","struthiosaurus"]},
		{ "code": "age", "states": ["nest"] },
		{ "code": "state", "states": ["incubating","mature","empty"] }
	],
	"selectionBoxSizeByType": {
		"*": {"x": 1,"y": 0.5}
	},
	"collisionBoxSizeByType": {
		"*": {"x": 1,"y": 0.5}
	},
	"deadSelectionBoxSizeByType": {
		"*": {"x": 1,"y": 0.5}
	},
	"knockbackResistanceByType": {
		"*": 10.0
	},
	"eyeHeight": 0.6,
	"weightByType": {
		"*": 100
	},
	"drops": [],
	"attributes": {
	},
	"client": {
		"renderer": "Shape",
		"shapeByType": {
			"*-nest-empty": { "base": "entity/land/nest-empty" },
            "*": { "base": "entity/land/nest" },

		},
		"sizeByType": {
			"*": 1
		},
		"behaviors": [
			{
				"code": "controlledphysics",
				"stepHeight": 0
			},
			{ "code": "interpolateposition" },
			{"code": "despawn","minPlayerDistance": 8,"belowLightLevel": 8,"minSeconds": 300},
			{
				"code": "floatupwhenstuck",
				"onlyWhenDead": true
			},
			{ "code": "harvestable" }

		],
		"animations": [
			{"code": "die","animation": "Die","animationSpeed": 2.00,"weight": 10,"blendMode": "Average","triggeredBy": { "onControls": [ "dead" ] }},
			{"code": "idle","animation": "Idle","blendMode": "AddAverage","easeOutSpeed": 4,"triggeredBy": { "defaultAnim": true }},
			{"code": "sleep","animation": "Sleep","easeInSpeed": 4,"easeOutSpeed": 4,"blendMode": "Average"}
		]
	},
	"server": {
		"attributes": {
		},
		"behaviors": [
			{
				"code": "controlledphysics",
				"stepHeight": 0
			},
			{"code": "despawn","minPlayerDistance": 8,"belowLightLevel": 8,"minSeconds": 300},
			{
				"code": "health",
				"maxhealthByType": {
					"*": 20
				}
			},
			{
				"code": "deaddecay",
				"hoursToDecay": 24
			},
			{
				"code": "floatupwhenstuck",
				"onlyWhenDead": true
			},
			{
				"code": "harvestable",
				"drops": [
					{
						"type": "item",
						"code": "game:stick",
						"quantityByType": {
							"*": {"avg": 6,"var": 4}
						}
					},
					{
						"type": "item",
						"code": "ankylosauria:creature-ankylosauria-{type}-egg-raw",
						"quantityByType": {
							"*-incubating": {"avg": 10,"var": 20, "dist":"gaussian"},
							"*":{"avg": 0,"var": 0}
						}
					},
				]
			},
			{
				"code": "grow",
				"enabledByType": {
					"*-empty": false,
					"*": true
				},
				"hoursToGrowByType": {"*-incubating": 140,"*-mature": 2},
				"adultEntityCodesByType": {
					"*-incubating": ["ankylosauria:ankylosauria-{type}-nest-mature"],
					"*-mature": ["ankylosauria:ankylosauria-{type}-nest-empty"]
				}
			},
			{"code": "emotionstates","states": []},
			{
				"code": "taskai",
				"aitasks": [
					{
						"code": "bellalarm",
						"animation": "Idle",
						"enabledByType": {"*-mature": true,"*": false},
						"onNearbyEntityCodes": ["player"],
						"spawnMobs": [
							"ankylosauria:ankylosauria-{type}-baby-female",
							"ankylosauria:ankylosauria-{type}-baby-male"
						],
						"spawnMaxQuantity": 5,
						"spawnIntervalMsMin": 1000,
						"spawnIntervalMsMax": 4000,
						"spawnRange": 0.5,
						"seekingRange": 100,
						"priority": 1.9,
						"minduration": 2000,
						"maxduration": 8000,
						"mincooldown": 6000,
						"maxcooldown": 12000,
						"animationSpeed": 2.0
					},
					{
						"code": "idle",
						"animation": "Idle",
						"priority": 0.5,
						"minduration": 180000,
						"maxduration": 240000,
						"mincooldown": 3000,
						"maxcooldown": 3000
					},
				]
			}

		],
	},
	"spawnconditions": {
		"worldgen": {
			"chanceByType": {"*-empty": 0.0},
			"triesPerChunk": { "avg": 0.0, "var": 0},
			"maxQuantityByGroup": { "code": "ankylosauria-*", "maxQuantity": 1 },
			"tryOnlySurface": true,
			"insideBlockCodes": [
				"game:air",
				"game:tallgrass-*",
				"game:gravel-*",
				"game:sand-*",
				"game:snowlayer-1",
				"game:soil-*"
			],
			"groupSizeByType": {
				"*": { "dist": "uniform", "avg": 1.5, "var": 0 }
			},
			"*":["ankylosauria:ankylosauria-{type}-adult-female","ankylosauria:ankylosauria-{type}-adult-male"]},

		"runtime": {
			"group": "neutral",
			"tryOnlySurface": true,
			"maxQuantityByGroup": {"code": "ankylosauria-*",	"maxQuantity": 1},
			"chanceByType": {"*-incubating": 0.00001,"*": 0.0},
			"TriesPerChunk": { "avg": 0.0, "var": 0 },
			"mindistancetoplayer": 50,
			"maxLightLevel": 7,
			"lightLevelType": "onlyBlockLight",
			"spawnCapPlayerScaling": 0.0,
			"groupSizeByType": {
				"*": { "dist": "uniform", "avg": 2, "var": 0 }
			},
			"insideBlockCodes": [
				"game:air",
				"game:tallgrass-*",
				"game:gravel-*",
				"game:sand-*",
				"game:snowlayer-1",
				"game:soil-*"
			],
			"companionsByType": {
			"*":["ankylosauria:ankylosauria-{type}-adult-female","ankylosauria:ankylosauria-{type}-adult-male"]}
		},
    },
	"spawnconditionsByType": {
			"*-ankylosaurus-nest-incubating": {
				"climate": {
					"minTemp": 5,
					"maxTemp": 30,
					"minRain": 0.3,
					"maxRain": 0.8,
					"minForestOrShrubs": 0.4,
					"maxForest": 0.8,
					"maxShrubs": 0.7,
					"minY": 0.9,
					"maxY": 1.6
				},
				"runtime": {
					"maxQuantityByGroup": { "code": "ankylosauria-*", "maxQuantity": 1 }
				}
			},
			"*-tarchia-nest-incubating": {
				"climate": {
					"minTemp": 10,
					"maxTemp": 40,
					"minRain": 0.2,
					"maxRain": 0.7,
					"minForestOrShrubs": 0.3,
					"maxForest": 0.6,
					"maxShrubs": 0.8,
					"minY": 0.9,
					"maxY": 1.5
				},
				"runtime": {
					"maxQuantityByGroup": { "code": "ankylosauria-*", "maxQuantity": 1 }
				}
			},
			"*-euoplocephalus-nest-incubating": {
				"climate": {
					"minTemp": 5,
					"maxTemp": 30,
					"minRain": 0.3,
					"maxRain": 0.8,
					"minForestOrShrubs": 0.4,
					"maxForest": 0.8,
					"maxShrubs": 0.7,
					"minY": 0.9,
					"maxY": 1.6
				},
				"runtime": {
					"maxQuantityByGroup": { "code": "ankylosauria-*", "maxQuantity": 1 }
				}
			},
			"*-edmontonia-nest-incubating": {
				"climate": {
					"minTemp": 5,
					"maxTemp": 25,
					"minRain": 0.3,
					"maxRain": 0.8,
					"minForestOrShrubs": 0.4,
					"maxForest": 0.8,
					"maxShrubs": 0.7,
					"minY": 0.9,
					"maxY": 1.6
				},
				"runtime": {
					"maxQuantityByGroup": { "code": "ankylosauria-*", "maxQuantity": 1 }
				}
			},
			"*-ziapelta-nest-incubating": {
				"climate": {
					"minTemp": 5,
					"maxTemp": 30,
					"minRain": 0.3,
					"maxRain": 0.8,
					"minForestOrShrubs": 0.4,
					"maxForest": 0.8,
					"maxShrubs": 0.7,
					"minY": 0.9,
					"maxY": 1.6
				},
				"runtime": {
					"maxQuantityByGroup": { "code": "ankylosauria-*", "maxQuantity": 1 }
				}
			},
			"*-pinacosaurus-nest-incubating": {
				"climate": {
					"minTemp": 10,
					"maxTemp": 40,
					"minRain": 0.2,
					"maxRain": 0.7,
					"minForestOrShrubs": 0.3,
					"maxForest": 0.6,
					"maxShrubs": 0.8,
					"minY": 0.9,
					"maxY": 1.5
				},
				"runtime": {
					"maxQuantityByGroup": { "code": "ankylosauria-*", "maxQuantity": 1 }
				}
			},
			"*-antarctopelta-nest-incubating": {
				"climate": {
					"minTemp": -10,
					"maxTemp": 15,
					"minRain": 0.4,
					"maxRain": 0.9,
					"minForestOrShrubs": 0.5,
					"maxForest": 0.9,
					"maxShrubs": 0.6,
					"minY": 1,
					"maxY": 1.7
				},
				"runtime": {
					"maxQuantityByGroup": { "code": "ankylosauria-*", "maxQuantity": 1 }
				}
			},
			"*-struthiosaurus-nest-incubating": {
				"climate": {
					"minTemp": 5,
					"maxTemp": 30,
					"minRain": 0.4,
					"maxRain": 0.9,
					"minForestOrShrubs": 0.5,
					"maxForest": 0.9,
					"maxShrubs": 0.6,
					"minY": 1,
					"maxY": 1.7
				},
				"runtime": {
					"maxQuantityByGroup": { "code": "ankylosauria-*", "maxQuantity": 1 }
				}
			},
		}

}
